{
  "transformation_matrix": [
    [
      -0.08466544058449742,
      -0.16353943409318208,
      172.49163235641785
    ],
    [
      0.053763889711418315,
      -2.049001574557376,
      1296.2772497699057
    ],
    [
      6.908365832869626e-05,
      -0.0019154157780824307,
      1.0
    ]
  ],
  "source_points": [
    [
      776,
      653
    ],
    [
      1119,
      662
    ],
    [
      1558,
      956
    ],
    [
      183,
      960
    ]
  ],
  "destination_points": [
    [
      0.0,
      0.0
    ],
    [
      160.0,
      0.0
    ],
    [
      160.0,
      800.0
    ],
    [
      0.0,
      800.0
    ]
  ],
  "real_world_scale": 0.025,
  "real_dimensions": {
    "width_meters": 4.0,
    "height_meters": 20.0
  },
  "bev_output_size": {
    "width": 160,
    "height": 800
  },
  "camera_params": {
    "camera_matrix": [
      [
        976.8601881,
        0.0,
        944.38126699
      ],
      [
        0.0,
        979.28933183,
        588.12563818
      ],
      [
        0.0,
        0.0,
        1.0
      ]
    ],
    "dist_coeffs": [
      -0.36123691,
      0.16505182,
      -0.00177654,
      0.00029295,
      0.0
    ]
  }
}